,downs,score,selftext,subreddit,title,ups,upvote_ratio
0,0.0,113.0,"Your daily trading discussion thread. Please keep the shitposting to a minimum. 

^Navigate ^WSB|^We ^recommend ^best ^daily ^DD
:--|:--                                 
**DD** | [All](https://reddit.com/r/wallstreetbets/search?sort=new&amp;restrict_sr=on&amp;q=flair%3ADD) / [**Best Daily**](https://www.reddit.com/r/wallstreetbets/search?sort=top&amp;q=flair%3ADD&amp;restrict_sr=on&amp;t=day) / [Best Weekly](https://www.reddit.com/r/wallstreetbets/search?sort=top&amp;q=flair%3ADD&amp;restrict_sr=on&amp;t=week)
**Discussion** | [All](https://reddit.com/r/wallstreetbets/search?sort=new&amp;restrict_sr=on&amp;q=flair%3ADiscussion) / [**Best Daily**](https://www.reddit.com/r/wallstreetbets/search?sort=top&amp;q=flair%3ADiscussion&amp;restrict_sr=on&amp;t=day) / [Best Weekly](https://www.reddit.com/r/wallstreetbets/search?sort=top&amp;q=flair%3ADiscussion&amp;restrict_sr=on&amp;t=week)
**YOLO** | [All](https://reddit.com/r/wallstreetbets/search?sort=new&amp;restrict_sr=on&amp;q=flair%3AYOLO) / [**Best Daily**](https://www.reddit.com/r/wallstreetbets/search?sort=top&amp;q=flair%3AYOLO&amp;restrict_sr=on&amp;t=day) / [Best Weekly](https://www.reddit.com/r/wallstreetbets/search?sort=top&amp;q=flair%3AYOLO&amp;restrict_sr=on&amp;t=week)
**Gain** | [All](https://reddit.com/r/wallstreetbets/search?sort=new&amp;restrict_sr=on&amp;q=flair%3AGain) / [**Best Daily**](https://www.reddit.com/r/wallstreetbets/search?sort=top&amp;q=flair%3AGain&amp;restrict_sr=on&amp;t=day) / [Best Weekly](https://www.reddit.com/r/wallstreetbets/search?sort=top&amp;q=flair%3AGain&amp;restrict_sr=on&amp;t=week)
**Loss** | [All](https://reddit.com/r/wallstreetbets/search?sort=new&amp;restrict_sr=on&amp;q=flair%3ALoss) / [**Best Daily**](https://www.reddit.com/r/wallstreetbets/search?sort=top&amp;q=flair%3ALoss&amp;restrict_sr=on&amp;t=day) / [Best Weekly](https://www.reddit.com/r/wallstreetbets/search?sort=top&amp;q=flair%3ALoss&amp;restrict_sr=on&amp;t=week)

[Weekly Earnings Discussion Thread](https://www.reddit.com/r/wallstreetbets/search?sort=new&amp;restrict_sr=on&amp;q=flair%3A%22Earnings%20Thread%22)

**Read the [rules](https://www.reddit.com/r/wallstreetbets/wiki/contentguide) and make sure other people follow them.**

Try [No Meme Mode](https://www.reddit.com/r/wallstreetbets/search/?q=-flair%3AMeme%20-flair%3ASatire%20-flair%3AShitpost&amp;restrict_sr=1&amp;t=day&amp;sort=hot), also accessible through the top bar.

Follow [@Official_WSB](https://twitter.com/Official_WSB) on Twitter, all other accounts are impersonators.

Check out our [Discord](https://discord.gg/wallstreetbets)",wallstreetbets,"What Are Your Moves Tomorrow, August 11, 2021",113.0,0.87
1,0.0,423.0,"
Your daily hype thread. Please keep the shitposting to a maximum.

^Navigate ^WSB |^We ^recommend ^best ^daily ^DD
:--|:--                                 
**DD** | [All](https://reddit.com/r/wallstreetbets/search?sort=new&amp;restrict_sr=on&amp;q=flair%3ADD) / [**Best Daily**](https://www.reddit.com/r/wallstreetbets/search?sort=top&amp;q=flair%3ADD&amp;restrict_sr=on&amp;t=day) / [Best Weekly](https://www.reddit.com/r/wallstreetbets/search?sort=top&amp;q=flair%3ADD&amp;restrict_sr=on&amp;t=week)
**Discussion** | [All](https://reddit.com/r/wallstreetbets/search?sort=new&amp;restrict_sr=on&amp;q=flair%3ADiscussion) / [**Best Daily**](https://www.reddit.com/r/wallstreetbets/search?sort=top&amp;q=flair%3ADiscussion&amp;restrict_sr=on&amp;t=day) / [Best Weekly](https://www.reddit.com/r/wallstreetbets/search?sort=top&amp;q=flair%3ADiscussion&amp;restrict_sr=on&amp;t=week)
**YOLO** | [All](https://reddit.com/r/wallstreetbets/search?sort=new&amp;restrict_sr=on&amp;q=flair%3AYOLO) / [**Best Daily**](https://www.reddit.com/r/wallstreetbets/search?sort=top&amp;q=flair%3AYOLO&amp;restrict_sr=on&amp;t=day) / [Best Weekly](https://www.reddit.com/r/wallstreetbets/search?sort=top&amp;q=flair%3AYOLO&amp;restrict_sr=on&amp;t=week)
**Gain** | [All](https://reddit.com/r/wallstreetbets/search?sort=new&amp;restrict_sr=on&amp;q=flair%3AGain) / [**Best Daily**](https://www.reddit.com/r/wallstreetbets/search?sort=top&amp;q=flair%3AGain&amp;restrict_sr=on&amp;t=day) / [Best Weekly](https://www.reddit.com/r/wallstreetbets/search?sort=top&amp;q=flair%3AGain&amp;restrict_sr=on&amp;t=week)
**Loss** | [All](https://reddit.com/r/wallstreetbets/search?sort=new&amp;restrict_sr=on&amp;q=flair%3ALoss) / [**Best Daily**](https://www.reddit.com/r/wallstreetbets/search?sort=top&amp;q=flair%3ALoss&amp;restrict_sr=on&amp;t=day) / [Best Weekly](https://www.reddit.com/r/wallstreetbets/search?sort=top&amp;q=flair%3ALoss&amp;restrict_sr=on&amp;t=week)",wallstreetbets,"Daily Popular Tickers Thread for August 10, 2021 - MVST | AMC | MRNA",423.0,0.86
2,0.0,6855.0,,wallstreetbets,The Five D's of WSB,6855.0,0.96
3,0.0,849.0,"# I. Introduction

Sorry for the wall of text - but if you are serious about trading **please read through this -** I think you all could really benefit from a bit of intermarket analysis - and I see way too many victims of ignorance here who could prevent their losses by understanding these relatively simply concepts.

This sub is primarily focused on IWM names (Russell 2000/Small Caps). If you look at that stock - **it's been sideways for almost a year**. No secret you all have been losing tons of money as of late on your favorite names (Except MVST - nice one there).

In my eyes - for the best probability of success - you always want to be playing the names that are within the strongest index at the time (or simply playing the strongest index itself). I determine which is the strongest via charting plus some simple intermarket relationships.

Last year during the recovery we got a huge **everything rally** \- that is not usually the case. Money constantly rotates from sector to sector - this is how it usually is - and how it's been for most of 2021. For instance - notice today (8/102021) tech is dropping while financials, materials and other inflation camp names are pumping. This is one of many useful correlations.

# II. The Indices

The indices are large groups of stocks lumped in together that usually move in unison. Most of you probably already know this. I'm just going to list out what each index is and what it focuses on.

**S&amp;P 500 (SPY, SPX, ES)**

*from Wikipedia*

""The Standard and Poor's 500, or simply the S&amp;P 500, is a stock market index that tracks 500 large companies listed on stock exchanges in the United States. It is one of the most commonly followed equity indices.""

Basically a compilation of most large caps in the United States. Great gage of overall market health - and sort of a cross between the other two large cap indexes (Nasdaq 100, Dow Jones).

**Nasdaq 100 (QQQ, NDX, NQ)**

*from Wikipedia*

""The Nasdaq-100 is a stock market index made up of 102 equity securities issued by 100 of the largest non-financial companies listed on the Nasdaq stock market. It is a modified capitalization-weighted index. ""

These are going to be mostly your large cap growth names (tech stocks) - but there are a few boomer names in there. Just more heavy on the growth side than the other indexes.

**Dow Jones Industrial Average (DIA, DJIA, YM)**

*from Wikipedia*

""The Dow Jones Industrial Average, Dow Jones, or simply the Dow, is a price-weighted measurement stock market index of 30 prominent companies listed on stock exchanges in the United States.""

These are going to be your ""boomer"" names - I like to call it the boomer index. Value, materials, healthcare etc. Not really any growth names in there (except AAPL, CRM I guess). One thing I like to note is that **all the names in Dow Jones are present in the S&amp;P 500 - the Dow is the most closely correlated index to the S&amp;P** (about a 0.92 correlation iirc).

**Russell 2000 Index (IWM, RUT, RTY)**

*from Wikipedia*

""The Russell 2000 Index is a small-cap stock market index of the smallest 2,000 stocks in the Russell 3000 Index. It was started by the Frank Russell Company in 1984. The index is maintained by FTSE Russell, a subsidiary of the London Stock Exchange Group.""

These are all your small cap names. There is also a Russell 1000 and Russell 3000. Notice how many more companies are in here than the other indexes. This one isn't going to be moved by one or two stocks. Small caps usually benefit from risk on environments (they are perceived to be riskier) - but note the more speculative growth ones will lag in those situations.

These are also **meme stocks - pretty much every single one is in a Russell Index.** If you are someone who likes to play memes - you always want to watch IWM. When this one is popping off is when they will be making a run.

# III. Risk On vs Risk Off (Inflation vs Deflation Camp)

Moving onto more practical applications of this information. I could do a section on Forex, Bonds, etc. - but honestly you only need to know what they are to apply the analysis that I do.

The primary narrative driving the market in recent times is whether we are getting inflation or deflation - and this has dictated the flow of money.

**Risk On (Inflation Camp)**

Risk-On is described as a rotation from save haven assets into riskier assets. If market participants believe in high inflationary pressures, they will want to invest their cash into **""risk"" assets** including, stocks, real estate etc. to combat the residual effects of inflation on their money. Additionally, they believe we are now in a rising rate environment (rates already at zero, likely to increase in the future), which would help benefit **value stocks, financials/banks, energy, specific forex/currencies**, anything that benefits from low rates (currently).

More specifically, **banks benefit from a gradual steady increase in interest rates.** Banks make an interest rate spread on deposits received versus money lent. In a rising rate environment, they are able to pay lower interest on their deposits and make a larger spread on their loans.

Commodities, materials (energy), and consumer/defensive stocks **benefit from inflation** as they are able to pass on rising costs to consumers. Additionally, value/defensive stocks typically have a strong track-record of recurring dividends and share buybacks to provide yield to shareholders. Conversely, in later stages of rising rates, investors may divest from growth or tech stocks because rising rates have a direct effect on liquidity and cost of capital. **When rates are high, debt is heavier and money is more expensive.**

AUD/JPY is an easy forex pair to watch for risk on movements based on the Australian economy in relation to Japan. A**UD is seen as a ""risk"" currency**, whereas **JPY is seen as a ""safe haven""**. When AUDJPY is increasing, typically this is a sign of ""risk-on"". This is only one of many pairs to watch for in Forex Markets, considering Forex Markets are much larger than the stock market.

Remember, in the early stages of inflation, small caps or tech stocks will perform well because the negative impact of inflation on sitting in cash; however, if the federal reserve is required to combat hyper/stagflation worries, they will raise rates and growth or tech stocks may perform poorly in that environment. Furthermore, **Dow Jones Industrial Average (boomer)** names will usually outperform, and investors today may be pricing-in this effect.

Equities as a whole will generally do well in a risk-on environment. Stocks are considered a hedge for inflation, but watch-out for JPOW and his antics later on.

**Risk Off (Deflation Camp)**

This is the opposite of risk-on. Money rotates out of risk assets into safe havens. People in the deflation corner believe inflation is transitory, asset prices will decline, and virtually **assume the Federal Reserve won't have to raise rates**. In low inflation or deflationary environment, money flows **to safe haven assets out of risk assets**. Participants would hoard cash (increasing in value) and wait for asset prices to decline. They would invest in **bonds, safe haven currencies, speculate on an increase in volatility, and save cash to reinvest later.**

Growth performs well here because when interest rates are low - money is cheaper to borrow. **Growth depends on debt to continue it's operations. Most of them also don't make money and so they have** **no yield.**  An increase in interest rates will raise the cost of capital making it harder for companies to generate higher returns. With rising rates, a company has to pay a higher interest expense that lowers their overall profitability. Lower profits lead to lower cash flows, which lead to a higher required rate of return for investors, all of which lead to a lower valuation for the company's share price.

Bonds outperform because investors believe rates to remain low or fall further. They'd be able to receive a **""higher"" interest rate today versus in the future.** Bonds are typically safer than equity because they are first in-line in the event of a liquidation (bankruptcy) and earn a fixed rate of return. Additionally, the **USD, JPY, CHF** perform well because they are a 'safe-haven' currency. The US Dollar is still considered the world's reserve currency. (Trust in the US Economy/Risk Free) In addition, deflation has a natural increase in the dollar's value.

The VIX performs well because it's **essentially a measure of how hedged SPX players are**. If you are expecting deflation in assets - you are expecting prices to drop for the most part - and so you want to be hedged on your long positions (or make straight bear bets).

**In Summary**

Today, the Federal Reserve has created a low interest rate environment to stimulate the economy; through allowing participants to borrow funds ""cheaper"" or lower rates. This stimulates demand, supply, borrowing, lending... overall growth. Asset prices are attempting to ""price-in"" the future state of the economy.

If you believe that inflation is here to stay, then you'd want to shift into risk-assets. If you believe that inflation is 'transitory', then you'd want to move towards safe haven assets. Ultimately, you could assume that the Federal Reserve controls the narrative and that any major movements in the flow of money, cost of debt (change in rates), could have a positive or negative impact on asset prices. In either scenario (in the future), inflation can lead to higher interest rates causing a drop in asset prices or deflation worries can keep interest rates low and fuel the rally for longer than one would expect. I hope that makes sense.

&lt; *Risk On &gt;*

* Financials
* Commodities
* Value
* Materials
* AUD/JPY
* **Russell 2000**
* **Dow Jones**

&lt; *Risk Off &gt;*

* Bonds
* Growth
* Dollar
* VIX
* **Nasdaq 100**

# IV. Practical Applications

First let me go over the tickers I watch for each rotation -

&lt; *Risk On &gt;*

* YM (DIA)
* RTY (IWM)
* CL (Crude Oil Futures)
* ZC (Corn Futures)
* AUD/JPY

*&lt; Risk Off &gt;*

* DXY (Dollar Index)
* ZB (30 Year Treasury Bonds)
* TNX (10 Year Treasury Index)
* VIX (The ""Fear Index"")
* NQ (QQQ)
* ARKK (This is a bit newer and less common - but I find it useful to track speculative growth names that perform quite well in a deflationary environment)

Glancing at a watchlist of these will give you a quick picture of where money is flowing at the moment - but in order to predict the odds of future movements (and more profitable ones) - I perform technical analysis on all of these names.

Basically - I analyze all the indices and only play the one that is the strongest from a technical standpoint. I further filter these signals and determine position sizing by analyzing their correlated assets.

For instance - if **DIA** is breaking out - and **ZB** is breaking down - this is confluence for a risk on rotation. The more confluence - the higher probability you have of success in any play.

On the contrary, if **DIA** is breaking out - and **ZB** is rallying - this is a sign one of the moves is likely fake - and a signal I have lower odds of success. Subsequently, I want to size smaller.

***Let's take a look at one example in which QQQ (Growth, Risk Off) caught the rotation this past May. This is a perfect example of Bonds and Growth moving in unison to provide a high probability long trade in QQQ and TLT. Note: I just use trendlines and volume for my technical analysis. No indicators.***

[NQ \(QQQ\)](https://preview.redd.it/fdtd97r9fkg71.png?width=1696&amp;format=png&amp;auto=webp&amp;s=2e7c58fa94c018f4d6fb5b38585a4d474f77b5c6)

The red circle is Nasdaq on **5/13.** You can see that is the day it bottomed - and every day since then pretty much Nasdaq, tech, and risk off assets have been leading. Not only that - but on **6/22** it broke a huge technical setup (the big red line) - which triggered a ton more upside.

[TLT \(ZB\)](https://preview.redd.it/cuq89v4hfkg71.png?width=1456&amp;format=png&amp;auto=webp&amp;s=836d02a7fc13c175aebc93f080d705679b0b2f7c)

The red circle here is also **5/13.** You can see that is also the day that TLT (ZB or Bonds) bottomed - and every day since then except for the past three days - it's held the same uptrend. Not only that - but on **6/22** it also broke that big red line - which was a downtrend stemming from last year - triggering more upside here as well. We also broke out of that teal symmetrical triangle, which provided more confluence for the move.

I try to assign a signal strength to each move in order to make it easier for my monkey brain to understand.

* **Indexes:** 3
* **Bonds:** 2
* **Everything Else:** 1

You will see a lot of people say bonds are everything - and in my experience that is very true. Last year we had an extremely odd situation where risk parity was fucked - but in recent times it has come back. Correlations almost always revert to the mean at **some point**. Subsequently - you could watch just bonds and the indices and efficiently track the flow of money.

# V. Divergences

Correlations are not perfect. If they were - everyone would be a billionaire. There are times when we get divergences and things move opposite of the way they usually do. Like I said - they **almost** **always revert to the mean** at some point - but the catch is the divergence could blow your account before it reverts back. If you are good with technicals you can easily spot when a setup you are trying to play breaks down and stop loss accordingly - but the key point here is **always have a stop loss when playing correlations.** Lots of people think they can average down infinitely and eventually profit off the arbitrage that comes with assets reverting to the mean - but **the market can stay irrational longer than you can stay solvent.**

# IV. TL;DR

The main thing to takeaway here is the indices. If QQQ is weak - maybe you want to take a look at DIA. If IWM is sideways - maybe you want to take a look at QQQ. Keep your head on a swivel and don't be too biased towards one sector. **If you can effectively track the flow of money - you can theoretically catch every rotation.**

Also - you don't have to apply the technicals I do to track it. That's just my method. Lot's of people use complex macroeconomic analysis to assess these sorts of things, among other methods. I'm just too smooth brained for that.

I hope this helped you all - and if anyone has questions drop it in the comments.

\---

Edit: One final note since I know the more advanced people will likely comment on this. I know QQQ/Growth has not always been risk off - this is a new thing. I was trying to explain things from the perspective of recent times as correlations shift with macroeconomic changes.

We haven't had a true deflationary environment in over a decade - and subsequently the market rotations have been more about pricing in rate hikes/rate cuts than rotating in and out of equities as a whole.",wallstreetbets,Follow The Money - How To Catch Every Rotation And (Almost) Always Make Money,849.0,0.95
4,0.0,1398.0,"Hey retards, here's a special dividend play for a special boy.

Ecovyst! This play will make you SO RICH you can finally fuck some strippers to satisfy yourself since your wife wonâ€™t.

&amp;#x200B;

Ecovyst (ECVT) just announced a special dividend of $3.2/share, which at a share price of $16.2 is OVER a 20% return! Now I am not here to talk about a boomer 20% return, but more so how this news has not been priced into the stock/options and provides a perfect short-term options play

Over the past few days ECVT has traded relatively flat, only really increasing over the past day or so. News of this insane dividend has barely made any headlines and no one seems to know about it. Once more people find out about this stock and buy in for that 20% return, the price will EXPLODE

Since the announcement of the dividend, the stock has ONLY increased by 8 cents

https://preview.redd.it/f183uk9eajg71.png?width=812&amp;format=png&amp;auto=webp&amp;s=c8e0709dc16b2dddb9d7e9256dcd6c3cadb1ac4e

&amp;#x200B;

The stock â€˜shouldâ€™ drop around $3.2 after the ex. dividend date (efficient market hypothesis) which â€˜shouldâ€™ mean people wonâ€™t buy in just for the dividend, but people (and the market in general) are irrational and greedy so stocks generally have run-ups prior to special dividends (see price action on RKT, MCFE, AFG, SUTL ect.)

Special dividends also signify to the market that the company is being successful

In addition to this, the stock has low liquidity with an average trading volume of only around 223,000 shares and an institutional ownership of OVER 69%. This means the stock will MOON if only a small amount of people buy in

&amp;#x200B;

Besides the whole special dividend play, ECVT is actually a decent, profitable growth company. Y/Y revenues were up 47% and they posted a profitable quarter of $0.11/share. They manufacture and catalyze chemicals for green tech, which will be a growing industry in the future. I know this play is not about the viability of the company, but this being a decent company takes some of the risk away

Additionally, options have not priced in ANY pre-dividend volatility, the 8/20 $15C only needs to have the stock go up 0.92% to make money

The ex. Dividend date for the special dividend is aftermarket 8/11 so I would sell before then

The record date is on the 12th, so if you are feeling risky you could hold until 8/12

My positions:

10 8/20 $15 C, 10 8/20 $17.5 C

TLDR:

https://preview.redd.it/574x9fncajg71.png?width=977&amp;format=png&amp;auto=webp&amp;s=7b796c0334badd7a240741e16803395b45f7870f

&amp;#x200B;",wallstreetbets,Ecovyst: Get rich from this special dividend,1398.0,0.9
5,0.0,620.0,,wallstreetbets,Senate approves bipartisan $1T infrastructure plan,620.0,0.88
6,0.0,196.0,,wallstreetbets,Betting 80k on $UPST crash after earnings,196.0,0.89
7,0.0,1592.0,,wallstreetbets,Bill Hwang belongs to this subreddit,1592.0,0.95
8,0.0,167.0,,wallstreetbets,AvePoint Q2 RESULTS BEAT - 38% YOY GROWTH ðŸš€ðŸš€ðŸš€ðŸš€,167.0,0.89
9,0.0,42559.0,,wallstreetbets,Am I doing this right?,42559.0,0.84
10,0.0,175.0,,wallstreetbets,Google is cutting employees remote staff salary upto 25%,175.0,0.9
11,0.0,638.0,,wallstreetbets,Followers of the Oreo cookie DD. Get ready for Bull Week.,638.0,0.94
12,0.0,379.0,,wallstreetbets,"MVST $67k in 401k, Roth &amp; Rollover (I've been catching a falling knife for months)",379.0,0.88
13,0.0,189.0,,wallstreetbets,AVPT Earnings Call Today! Tendies Incoming ðŸš€ðŸš€ðŸš€,189.0,0.91
14,0.0,133.0,,wallstreetbets,Tesla confirms Cybertruck and Semi production delayed until 2022.,133.0,0.91
15,0.0,228.0,,wallstreetbets,Amc my second fomo of the day,228.0,0.81
16,0.0,143.0,,wallstreetbets,Sony closed $1.175 billion deal to buy Crunchyroll from AT&amp;T,143.0,0.92
17,0.0,70.0,,wallstreetbets,Started with a thousand now Iâ€™m hereâ€¦ ðŸŽ¶,70.0,0.69
18,0.0,166.0,,wallstreetbets,i am dumb way dumb i don't want a seat i need a couch :/ the market is green why i am red every day,166.0,0.86
19,0.0,345.0,"Your daily trading discussion thread. Please keep the shitposting to a minimum. 

^Navigate ^WSB |^We ^recommend ^best ^daily ^DD
:--|:--                                 
**DD** | [All](https://reddit.com/r/wallstreetbets/search?sort=new&amp;restrict_sr=on&amp;q=flair%3ADD) / [**Best Daily**](https://www.reddit.com/r/wallstreetbets/search?sort=top&amp;q=flair%3ADD&amp;restrict_sr=on&amp;t=day) / [Best Weekly](https://www.reddit.com/r/wallstreetbets/search?sort=top&amp;q=flair%3ADD&amp;restrict_sr=on&amp;t=week)
**Discussion** | [All](https://reddit.com/r/wallstreetbets/search?sort=new&amp;restrict_sr=on&amp;q=flair%3ADiscussion) / [**Best Daily**](https://www.reddit.com/r/wallstreetbets/search?sort=top&amp;q=flair%3ADiscussion&amp;restrict_sr=on&amp;t=day) / [Best Weekly](https://www.reddit.com/r/wallstreetbets/search?sort=top&amp;q=flair%3ADiscussion&amp;restrict_sr=on&amp;t=week)
**YOLO** | [All](https://reddit.com/r/wallstreetbets/search?sort=new&amp;restrict_sr=on&amp;q=flair%3AYOLO) / [**Best Daily**](https://www.reddit.com/r/wallstreetbets/search?sort=top&amp;q=flair%3AYOLO&amp;restrict_sr=on&amp;t=day) / [Best Weekly](https://www.reddit.com/r/wallstreetbets/search?sort=top&amp;q=flair%3AYOLO&amp;restrict_sr=on&amp;t=week)
**Gain** | [All](https://reddit.com/r/wallstreetbets/search?sort=new&amp;restrict_sr=on&amp;q=flair%3AGain) / [**Best Daily**](https://www.reddit.com/r/wallstreetbets/search?sort=top&amp;q=flair%3AGain&amp;restrict_sr=on&amp;t=day) / [Best Weekly](https://www.reddit.com/r/wallstreetbets/search?sort=top&amp;q=flair%3AGain&amp;restrict_sr=on&amp;t=week)
**Loss** | [All](https://reddit.com/r/wallstreetbets/search?sort=new&amp;restrict_sr=on&amp;q=flair%3ALoss) / [**Best Daily**](https://www.reddit.com/r/wallstreetbets/search?sort=top&amp;q=flair%3ALoss&amp;restrict_sr=on&amp;t=day) / [Best Weekly](https://www.reddit.com/r/wallstreetbets/search?sort=top&amp;q=flair%3ALoss&amp;restrict_sr=on&amp;t=week)


[Weekly Earnings Discussion Thread](https://www.reddit.com/r/wallstreetbets/search?sort=new&amp;restrict_sr=on&amp;q=flair%3A%22Earnings%20Thread%22)

**Read the [rules](https://www.reddit.com/r/wallstreetbets/wiki/contentguide) and make sure other people follow them.**

Try [No Meme Mode](https://www.reddit.com/r/wallstreetbets/search/?q=-flair%3AMeme%20-flair%3ASatire%20-flair%3AShitpost&amp;restrict_sr=1&amp;t=day&amp;sort=hot), also accessible through the top bar.

Follow [@Official_WSB](https://twitter.com/Official_WSB) on Twitter, all other accounts are impersonators.

Check out our [Discord](https://discord.gg/wallstreetbets)",wallstreetbets,"Daily Discussion Thread for August 10, 2021",345.0,0.89
20,0.0,41.0,"&amp;#x200B;

From the guy that sold his HIMX for a loss after the election, and his AMC 2.5c in January for 100$ profit, and lost *bigly* on vaccine manufacturers with call dates that expired early, I present my OCGN gamble.

&amp;#x200B;

https://preview.redd.it/76zlipb6wkg71.png?width=1332&amp;format=png&amp;auto=webp&amp;s=6d30759b52df1947277c33c866f3a52a01e2c494

Ocugen bought the North American distribution rights to an Indian Vaccine - ""*Covaxin*"" made by Bharat Biotech.  It's a traditional vaccine in that it uses the tried and true whole-deactivated virus instead of the new mRNA technology and *Covaxin* has been [proven effective against the delta variant](https://www.financialexpress.com/lifestyle/health/covid-19-bharat-biotechs-covaxin-works-against-delta-plus-variant-new-study-finds/2307143/).

I originally gambled on the stonks because they have emergency use authorization [(EUA) in 10 countries](https://covid19.trackvaccines.org/vaccines/9/) (these 9 + Hungary) and thought the US FDA EUA approval would go... but no.  They were told no more EUAs being issued and go for full Biologics Application License.  Not gonna lie, that shit might take a year to get the full trials and paperwork vetted.  So, I've been bagholding the past couple months waiting on their other upcoming catalysts: Canadian EUA soon ^TM , the results of their 2-6 year old children's trial in September, AND the near (next week) WHO announcement on a EUA for the vaccine globally.

Its a gamble: WHO gives global approval to Bharat Biotech's *Coxavin,* that'll provide some serious legitimacy behind OCGN's Canadian EUA or even possibly lead to direct manufacturing for the global  COVAX distribution.  Coupled with the recent surge in Delta variant in the US, the FDA may even revisit an EUA for them...  but that's somewhere between maybe and using hopium as lube for a wishful gain-porn circle jerk.  It all comes down to WHO approval next week.

Flip the coin.

Position: 7000 shares @ $8.9 for $62.3k bet.",wallstreetbets,$OCGN for $62.3k - Waiting on WHO Approval for EUA Next Week,41.0,0.78
21,0.0,88.0,,wallstreetbets,130k PTRA Earnings YOLO,88.0,0.85
22,0.0,2684.0,,wallstreetbets,Typical apes when they are waiting for the gamma squeeze...,2684.0,0.95
23,0.0,69.0,,wallstreetbets,Going in DEEP on SNDL before earnings,69.0,0.76
24,0.0,37.0,"RKT 

RKT has burned many people in the past. To some it will always be the ex that hurt you, broke your favorite mixtapes you made just for her, and told your friends you had a small member. 

Hell I get that, but here is why I will continue to bet my money on RKT. I bet on what they are BECOMING. 

RKT is already MORE than a MORTGAGE company, but you wont here that from most ANALysts. 

ROCKET COMPANIES is currently profitable in three major markets. Mortgages, Home Searching(Rocket Homes), and now Rocket Auto. 

I believe this earnings will show the undeniable proof in the success of RKTs branching out. Auto was insanely profitable before it even fully launched in Q2. 

So a couple factors that scream bullish during the current market. 

HOMES sales are not at the record high but are still high, and RKT is now the Number 1 mortgage lender in the country. RKT is aggressively stealing market share from all competitors. With the addition of Rocket Homes they are now directly in competition with zillow. RKT is profitable in every industry they touch. 

Rocket Auto, with this expansion in todays current used vehicle market this is a no brainer. This expansion was profitable before it's actual full launch. 

And finally one that many people are not talking about, Solar. 

RKT will be entering the Solar energy market to offer refinancing packages for customers to take advantage of the Solar energy tax credits and help facilitate and manage installation of solar to homes. 

What makes me the most bullish on RKT is the billions in profit they make every quarter, and the cash and shares on hand they keep for the NEXT BIG IDEA or acquisition.

Everything RKT has dipped its toes into has made them money. 

The last thing that screams out putting my money on the Red Rocket, everyone is telling you its doomed. The ANALysts are screaming SELL, the media is saying doomed, and every bank that they have already beat for the number one spot says it's going down. Everyone that Rocket has stolen market share from screams from the rooftops that they are ONLY a mortgage company.  This stock is so undervalued it makes me sick, excited, and slightly aroused. 

This is a FinTech Stock, and it deserves FinTech recognition. That's why I continue to bet on RKT, because the day rocket gets its deserved valuation will be a week to late. 

I would love to hear anyone's counter argument.

Position 126 Calls for 8/20. 75 for 19.50c, and  51 for 30c. It that's gets lost I'll continue to buy more.",wallstreetbets,"Do What You Want, But Heres Why I'm Betting on RKT",37.0,0.74
25,0.0,57.0,,wallstreetbets,Bought at top Paper handed at bottom. 1DTE 1200 SPY 444c,57.0,0.84
26,0.0,38.0,,wallstreetbets,690K UPST YOLO,38.0,0.78
